{
  "start": [-0.06161722168326378, 4.802349090576172, -14.233115196228027],
  "intermediate": [
    -17.567018508911133, -1.693015694618225, -5.7485880851745605
  ],
  "end": [-1.9420170783996582, 1.6718776226043701, -50.039756774902344],
  "targetStart": [0.7148515162340561, 3.3308026511475743, -18.94815998664541],
  "targetIntermediate": [
    -14.008842227006475, -0.8587459188646295, -9.160827157712589
  ],
  "targetEnd": [-6.42765572651406, 1.5191899996935472, -47.83618412841386],
  "duration": 8,
  "showDebug": true,
  "splatA": {
    "src": "A.ply",
    "position": [-1.640000000000001, 1.5599999999999992, -50],
    "rotation": [180, 120, 0],
    "scale": 2.49,
    "shaderStart": 0.77,
    "shaderEnd": 1,
    "revealStart": 0,
    "revealEnd": 5,
    "noiseStart": 0,
    "noiseEnd": 0,
    "noiseSpeed": 0.08
  },
  "splatB": {
    "src": "1.ply",
    "position": [0, 0, -20],
    "rotation": [180, 0, 0],
    "scale": 1.16,
    "shaderStart": 0.25,
    "shaderEnd": 1,
    "revealStart": 10,
    "revealEnd": 0,
    "noiseStart": 0,
    "noiseEnd": 0.31,
    "noiseSpeed": 0.04
  }
}
